Year,Quarter,Real terms price indices: Solid fuels [Note 3],Real terms price indices: Gas [Note 3],Real terms price indices: Electricity [Note 3],Real terms price indices: Liquid fuels [Note 3],"Real terms price indices: Domestic fuels [Note 1, 3]","Real terms price indices: Motor fuel & oil [Note 2, 3]",Real terms price indices: All Items CPI 2025=100 [Note 3]
1990,Jan to Mar,53.73413101294787,45.97156983691785,49.61783488538093,64.78705025591422,46.84142508312357,67.76953083232938,97.27444020851654
1990,Apr to June,50.96459969782361,47.71423916022155,51.02166340031079,57.69004434069994,47.666310784928434,71.32007886226711,98.79622556341107
1990,July to Sept,50.045049957824105,46.89961127906815,51.69913588431678,67.28640181072471,47.99178308685879,73.80417921453135,97.17555861852306
1990,Oct to Dec,52.794808071618085,46.734290138987944,51.17114543626931,88.58803940735159,48.58123797933174,75.92643683869727,98.05904083346269
1991,Jan to Mar,53.07693715568625,46.982220310413844,50.261963429491594,73.18503445290382,47.850622286738826,68.17430437020833,96.65179423921805
1991,Apr to June,50.574271604428404,46.98600467286426,51.93986473922174,57.9446989003252,47.99558978959247,75.04820234854324,99.38584754497111
1991,July to Sept,50.65745352676301,47.26140382228179,54.10875105656121,57.964556117750874,49.059865221782886,74.65672247438881,99.1973459802292
1991,Oct to Dec,52.710747847757034,46.711344856987516,53.47899820936571,57.88825512102542,48.7440791957866,73.06263155760779,99.17160522985185
1992,Jan to Mar,52.88694735028838,46.22370558088073,52.92070856787555,51.51113570988228,47.98267893981266,69.42943267185092,98.45545381874972
1992,Apr to June,51.664057318218056,46.04027777429634,53.16707503696115,50.569560388225845,48.043809333625035,73.26384124567599,99.81307490503356
1992,July to Sept,50.8532509048981,45.3607667251384,53.91258574968095,49.150801383300156,47.97227990930852,72.45229773365473,99.7669380679563
1992,Oct to Dec,52.729892824043624,43.943013274420395,53.611055806410356,55.77430466159701,47.57876646946983,74.71548649609464,99.84185935554805
1993,Jan to Mar,51.85346611739106,42.66679330665607,52.57633205657206,55.705420569822195,46.53767861262353,73.27343527745424,98.07002900216277
1993,Apr to June,50.46400804883918,42.80652950471542,52.301501185402344,54.44372829680921,46.32051361624391,78.06424012739497,100.25940158563296
1993,July to Sept,49.66132658702449,42.363646052275634,51.317984761142114,51.30790334137534,45.597437338191114,76.5636904776938,99.3761727775032
1993,Oct to Dec,51.08816117381936,41.92284322237004,50.6745618173923,52.75407947296564,45.12298621586998,75.9384474623031,98.6470792456901
1994,Jan to Mar,51.1273836829912,41.72824519394063,49.89463864633727,49.834473248576025,44.673354395114664,76.95093872782869,98.18917788080157
1994,Apr to June,53.72405128323021,45.28635850870002,53.51841063532565,53.74228793218225,48.13760335880887,77.99283762803293,100.16838167743015
1994,July to Sept,53.15526908802944,45.156961017889905,53.692887214179116,52.460545396865534,48.00005895706489,79.3082947942167,99.73014118394734
1994,Oct to Dec,54.06209473907012,44.5355985655456,52.631179242707205,51.182355243531596,47.220929756899835,77.71129455719097,98.65772003676281
1995,Jan to Mar,53.912964869985345,44.68774899455143,52.48599654292235,50.34767496794878,47.327307726999976,80.0185205891814,99.13318422187267
1995,Apr to June,52.137541969370574,44.744965700255435,51.96604058435318,49.95105182218795,46.9544780842603,81.05597833938756,99.8356867774329
1995,July to Sept,51.369001321162436,44.43071276541856,51.70681248441764,49.600235492626624,46.624707297518405,80.15548481451277,99.28182298537651
1995,Oct to Dec,52.09960617470214,43.91600458938314,51.003299278012335,50.37620953279088,46.199794219895125,78.40846260343405,98.56847934595208
1996,Jan to Mar,52.52076014346571,43.49626275270143,50.51581826247033,54.44276651332712,45.872334588426654,79.92883188689575,98.20319588096861
1996,Apr to June,50.41289579925198,42.711597878639935,49.706170460978875,53.46062865075672,45.04480579940445,78.32772722260738,97.56445144479217
1996,July to Sept,49.913810368065974,42.39718766011239,49.34027153204605,54.76210995217797,44.82444719922371,79.17341513359912,96.84625634035152
1996,Oct to Dec,51.96144312092591,42.50177938947346,48.551648098237195,61.6940021723713,44.71202424110675,84.43819189226731,97.7897079843758
1997,Jan to Mar,53.06107379134436,43.187946728615735,48.71879357762468,58.17421084000076,45.09397044125134,86.92824668211946,99.3684678548333
1997,Apr to June,51.47207008789718,42.81894560782014,48.245819219693544,50.192576499972,44.50737719974345,85.6486348578555,99.67509677626016
1997,July to Sept,49.46034838503234,41.521292371049576,45.97459344637097,47.03791283094826,42.65460433153132,89.18710293200851,97.66596297900404
1997,Oct to Dec,52.44619980548172,41.82446853998548,45.64614201878025,49.99185185716159,42.87163387232059,91.84865838484039,100.65720314066442
1998,Jan to Mar,51.84102892021091,40.693869088250814,45.11943624644296,42.48644302050572,41.93086975935179,89.0459349333653,99.35480203545829
1998,Apr to June,50.94105275445183,40.590236328894925,44.90362612219711,39.900747802603235,41.71285252741343,93.56040337872535,100.22634003319473
1998,July to Sept,50.56360377933209,40.289481981000726,43.869796143747955,37.40481877919255,41.072549886346465,93.02403549538671,99.34418217195872
1998,Oct to Dec,52.22988821290012,40.00879683864248,43.56416799043386,37.27275699745887,40.89605022219163,90.8181905813654,99.20630522022468
1999,Jan to Mar,52.13491205570728,40.19041353073864,43.48494979930603,35.537169852635955,40.821683804277114,90.18656225509197,99.02590595150119
1999,Apr to June,51.2238276372437,39.68837247849499,43.25435693515931,40.034182694460426,40.58902159665899,97.97482076870746,99.69139185266019
1999,July to Sept,51.00994142194658,39.81541320028761,43.293515162072175,46.834666370264394,40.82840478663198,101.08778795696205,99.73384536348334
1999,Oct to Dec,52.39996858503076,39.53378801610263,42.98728842218629,53.383346011559496,40.865670319237026,102.6890613133454,99.57779564043192
2000,Jan to Mar,52.35698459585382,39.3137033188239,42.74797807946433,58.660841159466614,40.74625127192882,104.72791082206481,98.47710954905075
2000,Apr to June,51.31580192897594,38.36726409423805,42.22395578291639,58.11579015408373,40.05063504368108,111.03927990688635,99.44794489659138
2000,July to Sept,51.01174454592381,38.325978075504864,41.491892613661534,69.33434395681503,40.22379455305075,112.6097071650779,99.34093153994722
2000,Oct to Dec,53.56538138253269,38.4092162839161,41.44611779721146,80.14665587078127,40.71946468243243,110.79742413114926,99.91380768856733
2001,Jan to Mar,53.36333445466172,38.21206661386348,41.0990694098029,65.03686329588824,39.84297702817173,104.23922388751288,98.5357756980978
2001,Apr to June,52.371503768746194,39.33104840491237,40.71127255214898,63.17950647442937,40.103597267530574,104.461563475497,98.94676770084467
2001,July to Sept,52.54760032300072,39.4033080714826,40.754731176372005,63.8430316371833,40.15767922282968,103.5737238767667,98.8187776416072
2001,Oct to Dec,56.00568344211369,39.43451302664916,40.88320214385124,53.824756894083706,39.871359047170216,97.3279259745611,99.03104275576693
2002,Jan to Mar,55.65332512802921,40.72337342768914,40.44973496267683,51.532235127533745,40.07811926286838,94.65628426455007,97.98105878432888
2002,Apr to June,54.877998404143,40.75007647006538,40.32999982595617,54.317503069599546,40.07440338965834,99.04762358906697,98.2530030496255
2002,July to Sept,54.43375495765892,40.71869831625162,40.17936369771476,54.23650215561455,40.02869256683191,97.64362446516111,98.01740999426507
2002,Oct to Dec,55.96555772636963,40.44239977111762,39.906724831711095,57.13690245386098,39.86034121920514,97.27449668821933,97.87430477532335
2003,Jan to Mar,55.76422610525407,40.4164868750807,39.85650433807527,69.71678888542434,40.02562776122555,100.43314079856798,97.52220978607444
2003,Apr to June,54.49349874981366,40.36019043618537,39.54322329304284,52.88959370142485,39.51638825588829,98.54268393719089,97.1731294133976
2003,July to Sept,54.15499985512082,40.57997631411475,39.664858681196776,53.747537692412564,39.67577800362135,97.06773905532519,96.69742282540312
2003,Oct to Dec,55.719065216101285,40.68170509078137,39.71813725553001,59.12992845765886,39.94951845682734,97.32353917586282,96.89105271200657
2004,Jan to Mar,55.92049111111954,41.39369507723902,40.253068651157676,58.7391900369577,40.4486170607262,98.06939516491092,96.51017871365802
2004,Apr to June,54.69883006495668,41.77827585359981,40.608018032317425,64.66462450596924,40.90163136265629,101.02916866316534,95.74271375170346
2004,July to Sept,55.79354729634945,42.08972300753289,41.1140188477291,69.6007483917912,41.4625201597403,101.79161280639046,95.79087971582754
2004,Oct to Dec,59.082741668817704,43.479880042181364,41.71849010573883,76.98120168395945,42.67543078932833,103.13161830721722,94.93184046533553
2005,Jan to Mar,60.21032036734171,45.97585070880296,43.490891829814494,75.84719015425615,44.53142890906562,100.23531361287807,95.18831608218939
2005,Apr to June,59.142120438915455,45.77560090357017,43.40192683080761,84.01497482911354,44.577413745807526,104.69453402750624,94.69896006749792
2005,July to Sept,59.37210009226733,46.14318460900096,43.67575395887997,98.26216591408867,45.17257221657838,111.73764726444485,95.02189687500422
2005,Oct to Dec,62.791850141300365,49.645716450134245,45.602586298490365,98.70015724402668,47.68936013991833,110.66500681467643,95.1701791113399
2006,Jan to Mar,62.722402731843154,51.66956112607408,47.04123626859433,99.90547719432226,49.29603213687208,108.29201275814061,94.28379874835393
2006,Apr to June,62.200158646992875,58.14662659846028,51.24330719988013,103.05433671023248,54.14969267860972,113.34391778612081,94.31353935293177
2006,July to Sept,61.51248999915653,61.47955148933701,53.28602332351766,102.2002321980587,56.51595982771826,112.81162399495028,94.01789802918536
2006,Oct to Dec,65.80001446322647,67.42363188942292,56.156520420716795,88.29511645177827,60.05317719018696,102.940153391162,94.60052213126944
2007,Jan to Mar,66.19408770584658,69.11095230281293,57.30415045554902,85.65065183355235,61.31914959806518,103.41632097560336,94.67195228825332
2007,Apr to June,65.0090505180718,63.85670918748675,55.38517019776831,91.0115462930508,58.22865654769802,109.91965555483519,94.19827178369121
2007,July to Sept,65.02223235126442,60.04747442444389,53.82959863909234,95.6717042292184,55.96100168535183,111.02749115391057,94.25421505772668
2007,Oct to Dec,68.69603002491293,59.302470654970705,53.66182710081133,111.82655517661135,55.958767995003576,116.98925192635288,95.2887075719877
2008,Jan to Mar,70.4993056130341,63.95573968764238,57.1379272838964,125.95394221326355,60.00355801218317,121.3311989228152,94.6710456383873
2008,Apr to June,71.55415123718257,66.87577979945736,59.48753234235964,160.8544784005715,63.34526883996629,129.930603861659,95.38496338448616
2008,July to Sept,75.32906567044365,75.16076821943741,62.33753419652187,156.7818285303553,68.10230149522269,130.34438932838324,95.1688075658016
2008,Oct to Dec,87.27265972558112,85.00898105733553,67.14719037186993,112.0557596311742,73.75837797213416,109.24448630194448,94.30973238362567
2009,Jan to Mar,89.04151471582111,83.76530058091895,66.88595669268076,92.13947385359783,72.51408340878712,100.43350361469446,93.83565745138101
2009,Apr to June,87.72742485596514,80.42781583598362,62.23067548313486,92.3257655128245,68.77329390866052,109.06330781913631,94.81173755615916
2009,July to Sept,86.08712614301808,79.70808547058803,61.59256884479959,93.7861266694691,68.24217877816142,114.6540185957021,94.98376422515764
2009,Oct to Dec,89.39973227037753,80.25845289094065,61.858847677944475,105.18375086089682,68.97453417557848,119.18431951525079,96.53173636870721
2010,Jan to Mar,88.34971750647772,77.73925804203256,60.99539073900024,119.64076741793288,67.83978892508637,123.14017698329268,95.83624503838809
2010,Apr to June,86.61115010590291,74.69273898603387,60.799619383158124,121.97999392722956,66.42062713490009,130.75090552693308,96.96804866094271
2010,July to Sept,84.74821079656294,74.53256374541995,60.669237316626145,116.49185878904721,66.10670803852528,126.81587974948434,97.08516695718824
2010,Oct to Dec,87.82095468030542,75.21838118419032,60.494853596048955,133.65379374504164,66.77142719850276,129.88393538820404,97.5284215925244
2011,Jan to Mar,88.02744250217147,77.21960612810705,61.11388799239985,150.4807118125854,68.37404035871747,138.9324511172689,97.20698783296349
2011,Apr to June,88.1245353830189,77.93869196599688,62.061968233260544,156.93926671614057,69.34043642272486,145.92247854560995,99.33952947943659
2011,July to Sept,87.22422623167722,81.58610735446746,63.534616883015225,147.25280753496085,71.45781486771003,144.27518882799055,99.06954642446682
2011,Oct to Dec,92.28073028562625,90.113085554637,67.5558398949309,152.98935119372806,77.37552115070166,142.37269352226,99.3553764423505
2012,Jan to Mar,92.16558972571521,89.43005246716936,66.65657169902725,159.07871046979406,76.78832664917428,144.25256582873553,99.44465919564493
2012,Apr to June,90.67966090031564,88.31603972657278,65.78897778937704,149.96229054252143,75.66444646838157,145.33567144943925,100.11288888193323
2012,July to Sept,89.46865503067953,87.8742638044301,65.45988710075798,150.0802199995466,75.28595655063306,142.38751922564683,99.92404026089105
2012,Oct to Dec,90.29152393262048,90.05035783368697,66.73053796066488,157.21069740238437,77.07846499366138,141.83184147162115,100.61175254463977
2013,Jan to Mar,90.06899452985327,93.51187420990067,69.24273012702885,162.5042893430311,79.8983867080797,141.40934120535354,100.14979457052719
2013,Apr to June,89.7483757501119,93.65489454291802,69.43343918310514,148.4949976915484,79.77931799810098,139.58753765271697,100.7170290952582
2013,July to Sept,89.38121578418661,92.88593399595545,69.08196452667354,148.5940936503258,79.28494235918419,139.81102103800347,100.19462730217712
2013,Oct to Dec,91.12434828567062,94.73392507695071,70.45921918992566,145.6411010958852,80.71620594068727,134.72486911447646,100.58523549096367
2014,Jan to Mar,91.57575708192583,97.4928585438536,72.99240967485179,141.8111314517694,83.09434597991718,132.67601127947316,100.17142656696349
2014,Apr to June,91.18551081517091,97.00974419290954,72.54055378935634,135.55630962325938,82.51842004263568,132.6624408501263,100.95275193369395
2014,July to Sept,89.73292071311633,95.85047838529331,71.67369464677043,131.1634019981908,81.45347408509426,130.62899862604846,99.74636720940514
2014,Oct to Dec,92.04559284973082,96.18129412584102,71.92106729187137,119.83650160699821,81.41810629920899,123.54781557507415,100.19061975341621
2015,Jan to Mar,91.76799306851817,94.24262879489463,71.77515517186839,100.33995621475329,80.22640776657323,110.9562286316703,99.28884043726526
2015,Apr to June,90.74108875181109,92.10509122887491,71.68212544680209,100.41811134454393,79.25566740963794,116.76425429331067,100.05767400297394
2015,July to Sept,89.6519573091172,91.00372461840365,71.46688904549,88.09890216084625,78.4656705128835,113.50050959712019,99.75723573413326
2015,Oct to Dec,90.75618377417419,89.19820336942291,71.12335105458601,80.95945968304285,77.460642553594,106.93362914423679,99.4760644284035
2016,Jan to Mar,90.33990456510459,87.60884746770824,70.79712345121902,68.31674375072586,76.32413795821516,101.11544038490862,98.52617090061331
2016,Apr to June,89.38896931502846,84.56941435095918,70.54338706421473,77.35167440646059,75.26718663750701,107.49341505590029,98.96139347293703
2016,July to Sept,87.14849485221569,83.71043816542088,69.82687400804166,82.44874040534233,74.6571034175234,109.14390777700022,98.44406703150773
2016,Oct to Dec,89.25316973230262,83.18810374095075,69.3911699208708,95.69492044922636,74.65159851540787,112.16914325434031,98.41154115638132
2017,Jan to Mar,90.00662195346501,82.55086546185176,69.43356505489714,102.45185447644656,74.6281068866077,116.4606337549553,98.56131707480276
2017,Apr to June,89.32043674120749,82.3894526853549,73.54060854681515,93.50694514721583,76.55483973134938,113.44120456026168,99.74060329859032
2017,July to Sept,88.70194211494292,82.92038853934469,75.41169443209166,93.41466924079963,77.77630879718306,112.89473258875147,100.22102747331868
2017,Oct to Dec,90.56293360606895,82.292538162911,76.49311433357913,106.31985995516018,78.477659635227,115.27495623571191,100.32540189224221
2018,Jan to Mar,91.07484617928655,82.22151235207184,76.26361352865926,116.55660577058875,78.46921296826193,116.43425092883678,100.1200231570059
2018,Apr to June,88.69427313773637,82.5131866386397,76.93786617215672,121.68080670373371,79.03278480084894,119.64747209583417,100.25536454599566
2018,July to Sept,87.82104003759498,84.79091696785667,79.53391036526675,121.59751250673752,81.32598619587496,122.97494902035821,100.32021230271062
2018,Oct to Dec,90.23193236343863,86.39828041949963,81.414821720376,126.29962356045642,83.08276345684799,121.51553889738018,100.03442981074969
2019,Jan to Mar,91.22522903148965,78.98466425937625,77.35458182606845,116.17153831087825,77.87576513798986,115.37402718666641,99.72225585343098
2019,Apr to June,89.60355546908102,85.47847484236016,84.91623254664688,116.5086445107354,84.45846852186516,119.89427811982179,99.7033781953647
2019,July to Sept,89.23932466625833,84.97129166703623,84.41238541391573,113.8557847059058,83.95733751400715,118.97615484452784,99.57149430411333
2019,Oct to Dec,91.67715333396085,77.11701739162405,82.18918763056824,115.70787978771087,79.81841352893771,116.59297666671952,99.22269906913854
2020,Jan to Mar,91.8490933932815,76.49737107441113,81.52878569656484,102.57666075577146,78.9617109846771,113.92231320886765,98.4254304228437
2020,Apr to June,85.7411762563597,68.7329411975359,76.02364086426236,62.751173322378875,71.84173506085052,92.95714925235872,91.63297900540994
2020,July to Sept,89.31908449075914,71.5202046681723,79.13288965898823,70.18472646119834,74.90924939367089,100.99053494945515,95.80866156190142
2020,Oct to Dec,92.29964103830514,63.23285586361409,77.09268395924943,73.15411471708038,70.60854082396303,102.21317607498142,96.58462174619525
2021,Jan to Mar,91.32627471733285,62.402377170309045,76.08017502598301,90.11999284802545,70.09637329626665,106.67130249988162,95.49100432065664
2021,Apr to June,92.5412136201079,69.06053529284564,84.00624345068786,94.77022485542938,77.13483147262842,114.1675246999252,97.91974655376274
2021,July to Sept,91.77180965022642,68.30800394369705,83.21646308582764,98.20123547152896,76.50201478648528,118.23520787028787,97.90263953985348
2021,Oct to Dec,93.01134474008099,78.99724018690858,89.33414748504946,119.84899712587837,84.66284726302136,125.24399125409845,98.86713952399676
2022,Jan to Mar,96.2369968295187,77.99208766743334,88.4147620115927,151.3341964326852,84.44588356777481,130.61762044464487,98.78961901840533
2022,Apr to June,102.67578886036752,127.43471551785976,121.8413049430173,198.590125712772,123.80147972552014,146.12664304806836,100.98760633318355
2022,July to Sept,111.67936178568172,125.56853307898888,120.44358211114748,185.38040385249855,122.23192709462853,148.98916039715135,101.27967660583761
2022,Oct to Dec,116.15288107913224,167.67076866861103,137.15776754148388,175.5280688318268,148.59372714397924,135.75952626286022,101.58835306321872
2023,Jan to Mar,115.7388303977269,165.68223382545614,136.52952259308674,149.84201598192385,147.00392105064267,123.20496633041277,100.82114105985167
2023,Apr to June,112.69080657208819,161.6001005282821,133.06961745827635,115.09428515180504,142.68736494260799,115.44570331706309,101.98316763384152
2023,July to Sept,111.3124814608113,119.9498439208583,120.68629003346074,130.5943484766299,120.5101532361581,115.73870907876152,101.4765778064849
2023,Oct to Dec,109.47487295567635,111.56079427675787,111.71227129147809,138.8382857463544,112.2616219385242,118.1487960829671,101.99673884899634
2024,Jan to Mar,107.28347363735556,117.53399218670182,114.6703594373929,127.67793438718331,116.0331769634297,111.30585837589618,100.8302117275313
2024,Apr to June,106.43592820468703,97.86914287465265,101.70021918197666,117.65581240282077,100.66533960544793,113.47151892650062,100.77670307265487
2024,July to Sept,104.03142581310962,88.89868434586548,93.36031415523097,108.94304495598688,92.11292047892631,106.60073983115525,99.49015457894377
2024,Oct to Dec,102.7833516659421,98.71915425461863,100.04603028346834,104.57538297729528,99.71786913196048,101.5309143995009,99.7506040120413
2025,Jan to Mar,101.74845830096304,99.2631170539412,100.44151315484177,109.83533589625199,100.23967427727621,103.17438098962765,99.52569216518413
2025,Apr to June,100.65103066655404,105.72036496856383,102.35034267331808,91.71439760047164,103.41841749516121,98.60962064797441,100.39351357871197
2025,July to Sept,98.05012468991158,97.37470877037575,97.68401671722876,95.889264570017,97.55605722501795,98.84354866524335,100.0652005293679
2025,Oct to Dec,99.5239150825766,97.68904500816656,99.60521112788555,102.58527927528634,98.93809740059936,99.42033020677616,99.93891630494069
2026,Jan to Mar,97.63027368985709,93.20486546178489,102.3050128700823,133.71011119351218,99.84675018190256,99.08065816596657,99.1609815360781
2026,Apr to June,99.40129234770993,89.30934796635242,93.94833229052202,174.4219763573182,94.36148137828614,117.90414663392615,100.28893305041227
